rotation,nrate_kgha,preds,rot,rot2
cc,0,2.1858474947985527,cc,Continuous Maize
cc,1,2.2453759843490895,cc,Continuous Maize
cc,2,2.3049044738996254,cc,Continuous Maize
cc,3,2.3644329634501617,cc,Continuous Maize
cc,4,2.423961453000698,cc,Continuous Maize
cc,5,2.483489942551235,cc,Continuous Maize
cc,6,2.5430184321017704,cc,Continuous Maize
cc,7,2.6025469216523076,cc,Continuous Maize
cc,8,2.6620754112028435,cc,Continuous Maize
cc,9,2.7216039007533794,cc,Continuous Maize
cc,10,2.781132390303916,cc,Continuous Maize
cc,11,2.8406608798544526,cc,Continuous Maize
cc,12,2.900189369404989,cc,Continuous Maize
cc,13,2.9597178589555253,cc,Continuous Maize
cc,14,3.019246348506061,cc,Continuous Maize
cc,15,3.0787748380565976,cc,Continuous Maize
cc,16,3.1383033276071344,cc,Continuous Maize
cc,17,3.1978318171576703,cc,Continuous Maize
cc,18,3.2573603067082066,cc,Continuous Maize
cc,19,3.316888796258742,cc,Continuous Maize
cc,20,3.376417285809279,cc,Continuous Maize
cc,21,3.435945775359815,cc,Continuous Maize
cc,22,3.4954742649103507,cc,Continuous Maize
cc,23,3.5550027544608875,cc,Continuous Maize
cc,24,3.614531244011424,cc,Continuous Maize
cc,25,3.6740597335619603,cc,Continuous Maize
cc,26,3.733588223112497,cc,Continuous Maize
cc,27,3.7931167126630334,cc,Continuous Maize
cc,28,3.8526452022135698,cc,Continuous Maize
cc,29,3.9121736917641057,cc,Continuous Maize
cc,30,3.971702181314643,cc,Continuous Maize
cc,31,4.0312306708651775,cc,Continuous Maize
cc,32,4.090759160415715,cc,Continuous Maize
cc,33,4.150287649966252,cc,Continuous Maize
cc,34,4.209816139516788,cc,Continuous Maize
cc,35,4.269344629067324,cc,Continuous Maize
cc,36,4.328873118617859,cc,Continuous Maize
cc,37,4.388401608168396,cc,Continuous Maize
cc,38,4.447930097718932,cc,Continuous Maize
cc,39,4.507458587269469,cc,Continuous Maize
cc,40,4.566987076820006,cc,Continuous Maize
cc,41,4.626515566370542,cc,Continuous Maize
cc,42,4.686044055921077,cc,Continuous Maize
cc,43,4.745572545471614,cc,Continuous Maize
cc,44,4.80510103502215,cc,Continuous Maize
cc,45,4.864629524572688,cc,Continuous Maize
cc,46,4.924158014123224,cc,Continuous Maize
cc,47,4.98368650367376,cc,Continuous Maize
cc,48,5.043214993224296,cc,Continuous Maize
cc,49,5.102743482774832,cc,Continuous Maize
cc,50,5.162271972325368,cc,Continuous Maize
cc,51,5.221800461875904,cc,Continuous Maize
cc,52,5.28132895142644,cc,Continuous Maize
cc,53,5.340857440976978,cc,Continuous Maize
cc,54,5.400385930527514,cc,Continuous Maize
cc,55,5.45991442007805,cc,Continuous Maize
cc,56,5.519442909628585,cc,Continuous Maize
cc,57,5.578971399179123,cc,Continuous Maize
cc,58,5.63849988872966,cc,Continuous Maize
cc,59,5.698028378280195,cc,Continuous Maize
cc,60,5.757556867830731,cc,Continuous Maize
cc,61,5.817085357381267,cc,Continuous Maize
cc,62,5.876613846931804,cc,Continuous Maize
cc,63,5.93614233648234,cc,Continuous Maize
cc,64,5.995670826032876,cc,Continuous Maize
cc,65,6.055199315583412,cc,Continuous Maize
cc,66,6.11472780513395,cc,Continuous Maize
cc,67,6.174256294684485,cc,Continuous Maize
cc,68,6.233784784235022,cc,Continuous Maize
cc,69,6.293313273785556,cc,Continuous Maize
cc,70,6.352841763336095,cc,Continuous Maize
cc,71,6.412370252886632,cc,Continuous Maize
cc,72,6.471898742437166,cc,Continuous Maize
cc,73,6.531427231987703,cc,Continuous Maize
cc,74,6.59095572153824,cc,Continuous Maize
cc,75,6.6504842110887745,cc,Continuous Maize
cc,76,6.710012700639313,cc,Continuous Maize
cc,77,6.769541190189848,cc,Continuous Maize
cc,78,6.829069679740385,cc,Continuous Maize
cc,79,6.888598169290921,cc,Continuous Maize
cc,80,6.948126658841456,cc,Continuous Maize
cc,81,7.0076551483919935,cc,Continuous Maize
cc,82,7.067183637942528,cc,Continuous Maize
cc,83,7.126712127493066,cc,Continuous Maize
cc,84,7.186240617043603,cc,Continuous Maize
cc,85,7.24576910659414,cc,Continuous Maize
cc,86,7.3052975961446744,cc,Continuous Maize
cc,87,7.364826085695212,cc,Continuous Maize
cc,88,7.424354575245747,cc,Continuous Maize
cc,89,7.483883064796284,cc,Continuous Maize
cc,90,7.54341155434682,cc,Continuous Maize
cc,91,7.602940043897357,cc,Continuous Maize
cc,92,7.662468533447893,cc,Continuous Maize
cc,93,7.721997022998428,cc,Continuous Maize
cc,94,7.781525512548965,cc,Continuous Maize
cc,95,7.8410540020995025,cc,Continuous Maize
cc,96,7.900582491650038,cc,Continuous Maize
cc,97,7.960110981200574,cc,Continuous Maize
cc,98,8.019639470751112,cc,Continuous Maize
cc,99,8.079167960301646,cc,Continuous Maize
cc,100,8.138696449852183,cc,Continuous Maize
cc,101,8.19822493940272,cc,Continuous Maize
cc,102,8.257753428953254,cc,Continuous Maize
cc,103,8.317281918503792,cc,Continuous Maize
cc,104,8.37681040805433,cc,Continuous Maize
cc,105,8.436338897604864,cc,Continuous Maize
cc,106,8.4958673871554,cc,Continuous Maize
cc,107,8.555395876705935,cc,Continuous Maize
cc,108,8.614924366256473,cc,Continuous Maize
cc,109,8.674452855807008,cc,Continuous Maize
cc,110,8.733981345357547,cc,Continuous Maize
cc,111,8.793509834908082,cc,Continuous Maize
cc,112,8.81540664014474,cc,Continuous Maize
cc,113,8.81540664014474,cc,Continuous Maize
cc,114,8.81540664014474,cc,Continuous Maize
cc,115,8.81540664014474,cc,Continuous Maize
cc,116,8.81540664014474,cc,Continuous Maize
cc,117,8.81540664014474,cc,Continuous Maize
cc,118,8.81540664014474,cc,Continuous Maize
cc,119,8.81540664014474,cc,Continuous Maize
cc,120,8.81540664014474,cc,Continuous Maize
cc,121,8.81540664014474,cc,Continuous Maize
cc,122,8.81540664014474,cc,Continuous Maize
cc,123,8.81540664014474,cc,Continuous Maize
cc,124,8.81540664014474,cc,Continuous Maize
cc,125,8.81540664014474,cc,Continuous Maize
cc,126,8.81540664014474,cc,Continuous Maize
cc,127,8.81540664014474,cc,Continuous Maize
cc,128,8.81540664014474,cc,Continuous Maize
cc,129,8.81540664014474,cc,Continuous Maize
cc,130,8.81540664014474,cc,Continuous Maize
cc,131,8.81540664014474,cc,Continuous Maize
cc,132,8.81540664014474,cc,Continuous Maize
cc,133,8.81540664014474,cc,Continuous Maize
cc,134,8.81540664014474,cc,Continuous Maize
cc,135,8.81540664014474,cc,Continuous Maize
cc,136,8.81540664014474,cc,Continuous Maize
cc,137,8.81540664014474,cc,Continuous Maize
cc,138,8.81540664014474,cc,Continuous Maize
cc,139,8.81540664014474,cc,Continuous Maize
cc,140,8.81540664014474,cc,Continuous Maize
cc,141,8.81540664014474,cc,Continuous Maize
cc,142,8.81540664014474,cc,Continuous Maize
cc,143,8.81540664014474,cc,Continuous Maize
cc,144,8.81540664014474,cc,Continuous Maize
cc,145,8.81540664014474,cc,Continuous Maize
cc,146,8.81540664014474,cc,Continuous Maize
cc,147,8.81540664014474,cc,Continuous Maize
cc,148,8.81540664014474,cc,Continuous Maize
cc,149,8.81540664014474,cc,Continuous Maize
cc,150,8.81540664014474,cc,Continuous Maize
cc,151,8.81540664014474,cc,Continuous Maize
cc,152,8.81540664014474,cc,Continuous Maize
cc,153,8.81540664014474,cc,Continuous Maize
cc,154,8.81540664014474,cc,Continuous Maize
cc,155,8.81540664014474,cc,Continuous Maize
cc,156,8.81540664014474,cc,Continuous Maize
cc,157,8.81540664014474,cc,Continuous Maize
cc,158,8.81540664014474,cc,Continuous Maize
cc,159,8.81540664014474,cc,Continuous Maize
cc,160,8.81540664014474,cc,Continuous Maize
cc,161,8.81540664014474,cc,Continuous Maize
cc,162,8.81540664014474,cc,Continuous Maize
cc,163,8.81540664014474,cc,Continuous Maize
cc,164,8.81540664014474,cc,Continuous Maize
cc,165,8.81540664014474,cc,Continuous Maize
cc,166,8.81540664014474,cc,Continuous Maize
cc,167,8.81540664014474,cc,Continuous Maize
cc,168,8.81540664014474,cc,Continuous Maize
cc,169,8.81540664014474,cc,Continuous Maize
cc,170,8.81540664014474,cc,Continuous Maize
cc,171,8.81540664014474,cc,Continuous Maize
cc,172,8.81540664014474,cc,Continuous Maize
cc,173,8.81540664014474,cc,Continuous Maize
cc,174,8.81540664014474,cc,Continuous Maize
cc,175,8.81540664014474,cc,Continuous Maize
cc,176,8.81540664014474,cc,Continuous Maize
cc,177,8.81540664014474,cc,Continuous Maize
cc,178,8.81540664014474,cc,Continuous Maize
cc,179,8.81540664014474,cc,Continuous Maize
cc,180,8.81540664014474,cc,Continuous Maize
cc,181,8.81540664014474,cc,Continuous Maize
cc,182,8.81540664014474,cc,Continuous Maize
cc,183,8.81540664014474,cc,Continuous Maize
cc,184,8.81540664014474,cc,Continuous Maize
cc,185,8.81540664014474,cc,Continuous Maize
cc,186,8.81540664014474,cc,Continuous Maize
cc,187,8.81540664014474,cc,Continuous Maize
cc,188,8.81540664014474,cc,Continuous Maize
cc,189,8.81540664014474,cc,Continuous Maize
cc,190,8.81540664014474,cc,Continuous Maize
cc,191,8.81540664014474,cc,Continuous Maize
cc,192,8.81540664014474,cc,Continuous Maize
cc,193,8.81540664014474,cc,Continuous Maize
cc,194,8.81540664014474,cc,Continuous Maize
cc,195,8.81540664014474,cc,Continuous Maize
cc,196,8.81540664014474,cc,Continuous Maize
cc,197,8.81540664014474,cc,Continuous Maize
cc,198,8.81540664014474,cc,Continuous Maize
cc,199,8.81540664014474,cc,Continuous Maize
cc,200,8.81540664014474,cc,Continuous Maize
cc,201,8.81540664014474,cc,Continuous Maize
cc,202,8.81540664014474,cc,Continuous Maize
cc,203,8.81540664014474,cc,Continuous Maize
cc,204,8.81540664014474,cc,Continuous Maize
cc,205,8.81540664014474,cc,Continuous Maize
cc,206,8.81540664014474,cc,Continuous Maize
cc,207,8.81540664014474,cc,Continuous Maize
cc,208,8.81540664014474,cc,Continuous Maize
cc,209,8.81540664014474,cc,Continuous Maize
cc,210,8.81540664014474,cc,Continuous Maize
cc,211,8.81540664014474,cc,Continuous Maize
cc,212,8.81540664014474,cc,Continuous Maize
cc,213,8.81540664014474,cc,Continuous Maize
cc,214,8.81540664014474,cc,Continuous Maize
cc,215,8.81540664014474,cc,Continuous Maize
cc,216,8.81540664014474,cc,Continuous Maize
cc,217,8.81540664014474,cc,Continuous Maize
cc,218,8.81540664014474,cc,Continuous Maize
cc,219,8.81540664014474,cc,Continuous Maize
cc,220,8.81540664014474,cc,Continuous Maize
cc,221,8.81540664014474,cc,Continuous Maize
cc,222,8.81540664014474,cc,Continuous Maize
cc,223,8.81540664014474,cc,Continuous Maize
cc,224,8.81540664014474,cc,Continuous Maize
cc,225,8.81540664014474,cc,Continuous Maize
cc,226,8.81540664014474,cc,Continuous Maize
cc,227,8.81540664014474,cc,Continuous Maize
cc,228,8.81540664014474,cc,Continuous Maize
cc,229,8.81540664014474,cc,Continuous Maize
cc,230,8.81540664014474,cc,Continuous Maize
cc,231,8.81540664014474,cc,Continuous Maize
cc,232,8.81540664014474,cc,Continuous Maize
cc,233,8.81540664014474,cc,Continuous Maize
cc,234,8.81540664014474,cc,Continuous Maize
cc,235,8.81540664014474,cc,Continuous Maize
cc,236,8.81540664014474,cc,Continuous Maize
cc,237,8.81540664014474,cc,Continuous Maize
cc,238,8.81540664014474,cc,Continuous Maize
cc,239,8.81540664014474,cc,Continuous Maize
cc,240,8.81540664014474,cc,Continuous Maize
cc,241,8.81540664014474,cc,Continuous Maize
cc,242,8.81540664014474,cc,Continuous Maize
cc,243,8.81540664014474,cc,Continuous Maize
cc,244,8.81540664014474,cc,Continuous Maize
cc,245,8.81540664014474,cc,Continuous Maize
cc,246,8.81540664014474,cc,Continuous Maize
cc,247,8.81540664014474,cc,Continuous Maize
cc,248,8.81540664014474,cc,Continuous Maize
cc,249,8.81540664014474,cc,Continuous Maize
cc,250,8.81540664014474,cc,Continuous Maize
cc,251,8.81540664014474,cc,Continuous Maize
cc,252,8.81540664014474,cc,Continuous Maize
cc,253,8.81540664014474,cc,Continuous Maize
cc,254,8.81540664014474,cc,Continuous Maize
cc,255,8.81540664014474,cc,Continuous Maize
cc,256,8.81540664014474,cc,Continuous Maize
cc,257,8.81540664014474,cc,Continuous Maize
cc,258,8.81540664014474,cc,Continuous Maize
cc,259,8.81540664014474,cc,Continuous Maize
cc,260,8.81540664014474,cc,Continuous Maize
cc,261,8.81540664014474,cc,Continuous Maize
cc,262,8.81540664014474,cc,Continuous Maize
cc,263,8.81540664014474,cc,Continuous Maize
cc,264,8.81540664014474,cc,Continuous Maize
cc,265,8.81540664014474,cc,Continuous Maize
cc,266,8.81540664014474,cc,Continuous Maize
cc,267,8.81540664014474,cc,Continuous Maize
cc,268,8.81540664014474,cc,Continuous Maize
cc,269,8.81540664014474,cc,Continuous Maize
cc,270,8.81540664014474,cc,Continuous Maize
cc,271,8.81540664014474,cc,Continuous Maize
cc,272,8.81540664014474,cc,Continuous Maize
cc,273,8.81540664014474,cc,Continuous Maize
cc,274,8.81540664014474,cc,Continuous Maize
cc,275,8.81540664014474,cc,Continuous Maize
cc,276,8.81540664014474,cc,Continuous Maize
cc,277,8.81540664014474,cc,Continuous Maize
cc,278,8.81540664014474,cc,Continuous Maize
cc,279,8.81540664014474,cc,Continuous Maize
cc,280,8.81540664014474,cc,Continuous Maize
cc,281,8.81540664014474,cc,Continuous Maize
cc,282,8.81540664014474,cc,Continuous Maize
cc,283,8.81540664014474,cc,Continuous Maize
cc,284,8.81540664014474,cc,Continuous Maize
cc,285,8.81540664014474,cc,Continuous Maize
cc,286,8.81540664014474,cc,Continuous Maize
cc,287,8.81540664014474,cc,Continuous Maize
cc,288,8.81540664014474,cc,Continuous Maize
cc,289,8.81540664014474,cc,Continuous Maize
cc,290,8.81540664014474,cc,Continuous Maize
cc,291,8.81540664014474,cc,Continuous Maize
cc,292,8.81540664014474,cc,Continuous Maize
cc,293,8.81540664014474,cc,Continuous Maize
cc,294,8.81540664014474,cc,Continuous Maize
cc,295,8.81540664014474,cc,Continuous Maize
cc,296,8.81540664014474,cc,Continuous Maize
cc,297,8.81540664014474,cc,Continuous Maize
cc,298,8.81540664014474,cc,Continuous Maize
cc,299,8.81540664014474,cc,Continuous Maize
cc,300,8.81540664014474,cc,Continuous Maize
cs,0,4.4719094254892315,cs,Rotated Maize
cs,1,4.537150909215361,cs,Rotated Maize
cs,2,4.602392392941493,cs,Rotated Maize
cs,3,4.667633876667622,cs,Rotated Maize
cs,4,4.732875360393754,cs,Rotated Maize
cs,5,4.798116844119884,cs,Rotated Maize
cs,6,4.863358327846014,cs,Rotated Maize
cs,7,4.928599811572145,cs,Rotated Maize
cs,8,4.993841295298276,cs,Rotated Maize
cs,9,5.059082779024407,cs,Rotated Maize
cs,10,5.124324262750536,cs,Rotated Maize
cs,11,5.189565746476666,cs,Rotated Maize
cs,12,5.254807230202799,cs,Rotated Maize
cs,13,5.320048713928929,cs,Rotated Maize
cs,14,5.38529019765506,cs,Rotated Maize
cs,15,5.45053168138119,cs,Rotated Maize
cs,16,5.515773165107321,cs,Rotated Maize
cs,17,5.5810146488334516,cs,Rotated Maize
cs,18,5.646256132559582,cs,Rotated Maize
cs,19,5.711497616285713,cs,Rotated Maize
cs,20,5.776739100011843,cs,Rotated Maize
cs,21,5.841980583737974,cs,Rotated Maize
cs,22,5.907222067464104,cs,Rotated Maize
cs,23,5.972463551190233,cs,Rotated Maize
cs,24,6.037705034916365,cs,Rotated Maize
cs,25,6.102946518642495,cs,Rotated Maize
cs,26,6.168188002368627,cs,Rotated Maize
cs,27,6.2334294860947574,cs,Rotated Maize
cs,28,6.298670969820888,cs,Rotated Maize
cs,29,6.3639124535470195,cs,Rotated Maize
cs,30,6.429153937273148,cs,Rotated Maize
cs,31,6.49439542099928,cs,Rotated Maize
cs,32,6.55963690472541,cs,Rotated Maize
cs,33,6.624878388451542,cs,Rotated Maize
cs,34,6.690119872177671,cs,Rotated Maize
cs,35,6.755361355903803,cs,Rotated Maize
cs,36,6.820602839629932,cs,Rotated Maize
cs,37,6.885844323356064,cs,Rotated Maize
cs,38,6.951085807082194,cs,Rotated Maize
cs,39,7.016327290808325,cs,Rotated Maize
cs,40,7.081568774534455,cs,Rotated Maize
cs,41,7.146810258260585,cs,Rotated Maize
cs,42,7.212051741986717,cs,Rotated Maize
cs,43,7.277293225712846,cs,Rotated Maize
cs,44,7.342534709438978,cs,Rotated Maize
cs,45,7.407776193165108,cs,Rotated Maize
cs,46,7.47301767689124,cs,Rotated Maize
cs,47,7.538259160617368,cs,Rotated Maize
cs,48,7.603500644343502,cs,Rotated Maize
cs,49,7.668742128069629,cs,Rotated Maize
cs,50,7.733983611795762,cs,Rotated Maize
cs,51,7.7992250955218925,cs,Rotated Maize
cs,52,7.864466579248023,cs,Rotated Maize
cs,53,7.929708062974154,cs,Rotated Maize
cs,54,7.994949546700283,cs,Rotated Maize
cs,55,8.060191030426413,cs,Rotated Maize
cs,56,8.125432514152545,cs,Rotated Maize
cs,57,8.190673997878678,cs,Rotated Maize
cs,58,8.255915481604806,cs,Rotated Maize
cs,59,8.321156965330935,cs,Rotated Maize
cs,60,8.386398449057065,cs,Rotated Maize
cs,61,8.451639932783197,cs,Rotated Maize
cs,62,8.516881416509328,cs,Rotated Maize
cs,63,8.582122900235458,cs,Rotated Maize
cs,64,8.64736438396159,cs,Rotated Maize
cs,65,8.71260586768772,cs,Rotated Maize
cs,66,8.777847351413854,cs,Rotated Maize
cs,67,8.84308883513998,cs,Rotated Maize
cs,68,8.908330318866113,cs,Rotated Maize
cs,69,8.973571802592241,cs,Rotated Maize
cs,70,9.018252613149338,cs,Rotated Maize
cs,71,9.018252613149338,cs,Rotated Maize
cs,72,9.018252613149338,cs,Rotated Maize
cs,73,9.018252613149338,cs,Rotated Maize
cs,74,9.018252613149338,cs,Rotated Maize
cs,75,9.018252613149338,cs,Rotated Maize
cs,76,9.018252613149338,cs,Rotated Maize
cs,77,9.018252613149338,cs,Rotated Maize
cs,78,9.018252613149338,cs,Rotated Maize
cs,79,9.018252613149338,cs,Rotated Maize
cs,80,9.018252613149338,cs,Rotated Maize
cs,81,9.018252613149338,cs,Rotated Maize
cs,82,9.018252613149338,cs,Rotated Maize
cs,83,9.018252613149338,cs,Rotated Maize
cs,84,9.018252613149338,cs,Rotated Maize
cs,85,9.018252613149338,cs,Rotated Maize
cs,86,9.018252613149338,cs,Rotated Maize
cs,87,9.018252613149338,cs,Rotated Maize
cs,88,9.018252613149338,cs,Rotated Maize
cs,89,9.018252613149338,cs,Rotated Maize
cs,90,9.018252613149338,cs,Rotated Maize
cs,91,9.018252613149338,cs,Rotated Maize
cs,92,9.018252613149338,cs,Rotated Maize
cs,93,9.018252613149338,cs,Rotated Maize
cs,94,9.018252613149338,cs,Rotated Maize
cs,95,9.018252613149338,cs,Rotated Maize
cs,96,9.018252613149338,cs,Rotated Maize
cs,97,9.018252613149338,cs,Rotated Maize
cs,98,9.018252613149338,cs,Rotated Maize
cs,99,9.018252613149338,cs,Rotated Maize
cs,100,9.018252613149338,cs,Rotated Maize
cs,101,9.018252613149338,cs,Rotated Maize
cs,102,9.018252613149338,cs,Rotated Maize
cs,103,9.018252613149338,cs,Rotated Maize
cs,104,9.018252613149338,cs,Rotated Maize
cs,105,9.018252613149338,cs,Rotated Maize
cs,106,9.018252613149338,cs,Rotated Maize
cs,107,9.018252613149338,cs,Rotated Maize
cs,108,9.018252613149338,cs,Rotated Maize
cs,109,9.018252613149338,cs,Rotated Maize
cs,110,9.018252613149338,cs,Rotated Maize
cs,111,9.018252613149338,cs,Rotated Maize
cs,112,9.018252613149338,cs,Rotated Maize
cs,113,9.018252613149338,cs,Rotated Maize
cs,114,9.018252613149338,cs,Rotated Maize
cs,115,9.018252613149338,cs,Rotated Maize
cs,116,9.018252613149338,cs,Rotated Maize
cs,117,9.018252613149338,cs,Rotated Maize
cs,118,9.018252613149338,cs,Rotated Maize
cs,119,9.018252613149338,cs,Rotated Maize
cs,120,9.018252613149338,cs,Rotated Maize
cs,121,9.018252613149338,cs,Rotated Maize
cs,122,9.018252613149338,cs,Rotated Maize
cs,123,9.018252613149338,cs,Rotated Maize
cs,124,9.018252613149338,cs,Rotated Maize
cs,125,9.018252613149338,cs,Rotated Maize
cs,126,9.018252613149338,cs,Rotated Maize
cs,127,9.018252613149338,cs,Rotated Maize
cs,128,9.018252613149338,cs,Rotated Maize
cs,129,9.018252613149338,cs,Rotated Maize
cs,130,9.018252613149338,cs,Rotated Maize
cs,131,9.018252613149338,cs,Rotated Maize
cs,132,9.018252613149338,cs,Rotated Maize
cs,133,9.018252613149338,cs,Rotated Maize
cs,134,9.018252613149338,cs,Rotated Maize
cs,135,9.018252613149338,cs,Rotated Maize
cs,136,9.018252613149338,cs,Rotated Maize
cs,137,9.018252613149338,cs,Rotated Maize
cs,138,9.018252613149338,cs,Rotated Maize
cs,139,9.018252613149338,cs,Rotated Maize
cs,140,9.018252613149338,cs,Rotated Maize
cs,141,9.018252613149338,cs,Rotated Maize
cs,142,9.018252613149338,cs,Rotated Maize
cs,143,9.018252613149338,cs,Rotated Maize
cs,144,9.018252613149338,cs,Rotated Maize
cs,145,9.018252613149338,cs,Rotated Maize
cs,146,9.018252613149338,cs,Rotated Maize
cs,147,9.018252613149338,cs,Rotated Maize
cs,148,9.018252613149338,cs,Rotated Maize
cs,149,9.018252613149338,cs,Rotated Maize
cs,150,9.018252613149338,cs,Rotated Maize
cs,151,9.018252613149338,cs,Rotated Maize
cs,152,9.018252613149338,cs,Rotated Maize
cs,153,9.018252613149338,cs,Rotated Maize
cs,154,9.018252613149338,cs,Rotated Maize
cs,155,9.018252613149338,cs,Rotated Maize
cs,156,9.018252613149338,cs,Rotated Maize
cs,157,9.018252613149338,cs,Rotated Maize
cs,158,9.018252613149338,cs,Rotated Maize
cs,159,9.018252613149338,cs,Rotated Maize
cs,160,9.018252613149338,cs,Rotated Maize
cs,161,9.018252613149338,cs,Rotated Maize
cs,162,9.018252613149338,cs,Rotated Maize
cs,163,9.018252613149338,cs,Rotated Maize
cs,164,9.018252613149338,cs,Rotated Maize
cs,165,9.018252613149338,cs,Rotated Maize
cs,166,9.018252613149338,cs,Rotated Maize
cs,167,9.018252613149338,cs,Rotated Maize
cs,168,9.018252613149338,cs,Rotated Maize
cs,169,9.018252613149338,cs,Rotated Maize
cs,170,9.018252613149338,cs,Rotated Maize
cs,171,9.018252613149338,cs,Rotated Maize
cs,172,9.018252613149338,cs,Rotated Maize
cs,173,9.018252613149338,cs,Rotated Maize
cs,174,9.018252613149338,cs,Rotated Maize
cs,175,9.018252613149338,cs,Rotated Maize
cs,176,9.018252613149338,cs,Rotated Maize
cs,177,9.018252613149338,cs,Rotated Maize
cs,178,9.018252613149338,cs,Rotated Maize
cs,179,9.018252613149338,cs,Rotated Maize
cs,180,9.018252613149338,cs,Rotated Maize
cs,181,9.018252613149338,cs,Rotated Maize
cs,182,9.018252613149338,cs,Rotated Maize
cs,183,9.018252613149338,cs,Rotated Maize
cs,184,9.018252613149338,cs,Rotated Maize
cs,185,9.018252613149338,cs,Rotated Maize
cs,186,9.018252613149338,cs,Rotated Maize
cs,187,9.018252613149338,cs,Rotated Maize
cs,188,9.018252613149338,cs,Rotated Maize
cs,189,9.018252613149338,cs,Rotated Maize
cs,190,9.018252613149338,cs,Rotated Maize
cs,191,9.018252613149338,cs,Rotated Maize
cs,192,9.018252613149338,cs,Rotated Maize
cs,193,9.018252613149338,cs,Rotated Maize
cs,194,9.018252613149338,cs,Rotated Maize
cs,195,9.018252613149338,cs,Rotated Maize
cs,196,9.018252613149338,cs,Rotated Maize
cs,197,9.018252613149338,cs,Rotated Maize
cs,198,9.018252613149338,cs,Rotated Maize
cs,199,9.018252613149338,cs,Rotated Maize
cs,200,9.018252613149338,cs,Rotated Maize
cs,201,9.018252613149338,cs,Rotated Maize
cs,202,9.018252613149338,cs,Rotated Maize
cs,203,9.018252613149338,cs,Rotated Maize
cs,204,9.018252613149338,cs,Rotated Maize
cs,205,9.018252613149338,cs,Rotated Maize
cs,206,9.018252613149338,cs,Rotated Maize
cs,207,9.018252613149338,cs,Rotated Maize
cs,208,9.018252613149338,cs,Rotated Maize
cs,209,9.018252613149338,cs,Rotated Maize
cs,210,9.018252613149338,cs,Rotated Maize
cs,211,9.018252613149338,cs,Rotated Maize
cs,212,9.018252613149338,cs,Rotated Maize
cs,213,9.018252613149338,cs,Rotated Maize
cs,214,9.018252613149338,cs,Rotated Maize
cs,215,9.018252613149338,cs,Rotated Maize
cs,216,9.018252613149338,cs,Rotated Maize
cs,217,9.018252613149338,cs,Rotated Maize
cs,218,9.018252613149338,cs,Rotated Maize
cs,219,9.018252613149338,cs,Rotated Maize
cs,220,9.018252613149338,cs,Rotated Maize
cs,221,9.018252613149338,cs,Rotated Maize
cs,222,9.018252613149338,cs,Rotated Maize
cs,223,9.018252613149338,cs,Rotated Maize
cs,224,9.018252613149338,cs,Rotated Maize
cs,225,9.018252613149338,cs,Rotated Maize
cs,226,9.018252613149338,cs,Rotated Maize
cs,227,9.018252613149338,cs,Rotated Maize
cs,228,9.018252613149338,cs,Rotated Maize
cs,229,9.018252613149338,cs,Rotated Maize
cs,230,9.018252613149338,cs,Rotated Maize
cs,231,9.018252613149338,cs,Rotated Maize
cs,232,9.018252613149338,cs,Rotated Maize
cs,233,9.018252613149338,cs,Rotated Maize
cs,234,9.018252613149338,cs,Rotated Maize
cs,235,9.018252613149338,cs,Rotated Maize
cs,236,9.018252613149338,cs,Rotated Maize
cs,237,9.018252613149338,cs,Rotated Maize
cs,238,9.018252613149338,cs,Rotated Maize
cs,239,9.018252613149338,cs,Rotated Maize
cs,240,9.018252613149338,cs,Rotated Maize
cs,241,9.018252613149338,cs,Rotated Maize
cs,242,9.018252613149338,cs,Rotated Maize
cs,243,9.018252613149338,cs,Rotated Maize
cs,244,9.018252613149338,cs,Rotated Maize
cs,245,9.018252613149338,cs,Rotated Maize
cs,246,9.018252613149338,cs,Rotated Maize
cs,247,9.018252613149338,cs,Rotated Maize
cs,248,9.018252613149338,cs,Rotated Maize
cs,249,9.018252613149338,cs,Rotated Maize
cs,250,9.018252613149338,cs,Rotated Maize
cs,251,9.018252613149338,cs,Rotated Maize
cs,252,9.018252613149338,cs,Rotated Maize
cs,253,9.018252613149338,cs,Rotated Maize
cs,254,9.018252613149338,cs,Rotated Maize
cs,255,9.018252613149338,cs,Rotated Maize
cs,256,9.018252613149338,cs,Rotated Maize
cs,257,9.018252613149338,cs,Rotated Maize
cs,258,9.018252613149338,cs,Rotated Maize
cs,259,9.018252613149338,cs,Rotated Maize
cs,260,9.018252613149338,cs,Rotated Maize
cs,261,9.018252613149338,cs,Rotated Maize
cs,262,9.018252613149338,cs,Rotated Maize
cs,263,9.018252613149338,cs,Rotated Maize
cs,264,9.018252613149338,cs,Rotated Maize
cs,265,9.018252613149338,cs,Rotated Maize
cs,266,9.018252613149338,cs,Rotated Maize
cs,267,9.018252613149338,cs,Rotated Maize
cs,268,9.018252613149338,cs,Rotated Maize
cs,269,9.018252613149338,cs,Rotated Maize
cs,270,9.018252613149338,cs,Rotated Maize
cs,271,9.018252613149338,cs,Rotated Maize
cs,272,9.018252613149338,cs,Rotated Maize
cs,273,9.018252613149338,cs,Rotated Maize
cs,274,9.018252613149338,cs,Rotated Maize
cs,275,9.018252613149338,cs,Rotated Maize
cs,276,9.018252613149338,cs,Rotated Maize
cs,277,9.018252613149338,cs,Rotated Maize
cs,278,9.018252613149338,cs,Rotated Maize
cs,279,9.018252613149338,cs,Rotated Maize
cs,280,9.018252613149338,cs,Rotated Maize
cs,281,9.018252613149338,cs,Rotated Maize
cs,282,9.018252613149338,cs,Rotated Maize
cs,283,9.018252613149338,cs,Rotated Maize
cs,284,9.018252613149338,cs,Rotated Maize
cs,285,9.018252613149338,cs,Rotated Maize
cs,286,9.018252613149338,cs,Rotated Maize
cs,287,9.018252613149338,cs,Rotated Maize
cs,288,9.018252613149338,cs,Rotated Maize
cs,289,9.018252613149338,cs,Rotated Maize
cs,290,9.018252613149338,cs,Rotated Maize
cs,291,9.018252613149338,cs,Rotated Maize
cs,292,9.018252613149338,cs,Rotated Maize
cs,293,9.018252613149338,cs,Rotated Maize
cs,294,9.018252613149338,cs,Rotated Maize
cs,295,9.018252613149338,cs,Rotated Maize
cs,296,9.018252613149338,cs,Rotated Maize
cs,297,9.018252613149338,cs,Rotated Maize
cs,298,9.018252613149338,cs,Rotated Maize
cs,299,9.018252613149338,cs,Rotated Maize
cs,300,9.018252613149338,cs,Rotated Maize
